CODE,NAME
S10100,"PT NIRWANA LESTARI (CERES)"
S10200,"PT COCA-COLA DISTRIBUTION INDONESIA (CCA)"
S10300,"PT TIRTA INVESTAMA (DANONE INDONESIA)"
S10400,"PT SUKANDA DJAYA (COLD STORAGE)"
S10500,"PT HANJAYA MANDALA SAMPOERNA TBK (PMI SAMPOERNA)"
S10600,"PT TIGARAKSA SATRIA (MULTI BINTANG)"
S10800,"PT SINAR NIAGA SEJAHTERA (SNS GARUDA BALI)"
S10900,"PT ARTA BOGA CERMERLANG (ORANG TUA BALI)"
S11000,"PT ESHAM DIMA MANDIRI (BALI)"
S11100,"PT INDOMARCO ADI PRIMA (INDOFOOD ASAHI BALI)"
S11200,"PT TEMPO SCAN PACIFIC"
S11300,"PT FASTRATA BUANA (KAPAL API)"
S11400,"PT BENTOEL ASMO BALI"
S11600,"PT UNILEVER INDONESIA"
S11700,"PT KEMBAR PUTRA MAKMUR (SNACK)"
S11800,"PT SEKAR NUSA BARUNA (WALLS)"
S11900,"PT SIWA CITRA UTAMA (NESTLE BALI)"
S12100,"PT DWINIAGA PRATAMA SARANA (GODREJ)"
S12401,"PT DWINIAGA PRATAMA (CRICKET)"
S12402,"PT JAYA SEGAR ABADI (WALLS)"
S12403,"MONSOON BOOKS PTE LTD"
S12404,"JOHN BEAUFOY PUBLISHING LTD (ORCA)"
S12500,"PT AKSES MEDIA (FEMINA)"
S12600,"PT PHOENIX COMMUNICATION (BOOK)"
S12700,"PT OASIS WATERS INTERNATIONAL"
S12800,"PT HANANYA INTER NIAGA (NESTLE PROFESSIONAL)"
S20100,"PT PANDURASA KHARISMA"
S20300,"PT BAHANA GENTA VIKTORY"
S20400,"PT GLOBAL ANUGRAH PASIFIK"
S20500,"PT LIM SIANG HUAT (BALI)"
S20700,"PT ARMASCO PRIMA"
S20800,"PT FNA INDONESIA"
S20900,"PT INDOPROM INDONESIA (CON)"
S21100,"PT SINAR STAR BOOKS"
S21200,"PT DIGITAL INOVASI ASIA (SKROSS)"
S21300,"PT AQUEO INDONESIA"
S21400,"GREGORY LENTINI"
S21500,"HARUM SEMESTA LUHUR"
S21700,"PT PRIMER GROUP INDONESIA"
S21800,"PT EMWAY GLOBALINDO"
S21900,"PT DALINY GUNA USAHA (FAMILIA)"
S22100,"BLOOM & GROW SINGAPORE PTE LTD"
S22101,"BOOKPOINT LTD (HACHETTE UK GROUP)"
S22200,"BE SMART (WILD REPUBLIC)"
S22300,"PT ALJ TRADING INDONESIA (LEGO)"
S22600,"PT HERO INTIPUTRA (TOYS)"
S22700,"PT CALISTA RAYA ABADI (FABER-CASTELL)"
S23000,"PARTY INDO SELARAS"
S23100,"PT DELTA SATRIA DEWATA (ARNOTTS)"
S23200,"PT DELTA SATRIA DEWATA (ENERGIZER)"
S23300,"PT DELTA SATRIA DEWATA (GLICO)"
S23400,"PT DELTA PUSAKA INDAH (GSK)"
S23500,"PT DELTA SATRIA DEWATA (LOTTE)"
S23600,"PT DELTA SATRIA DEWATA (OTSUKA)"
S23700,"PT DELTA SATRIA DEWATA (URC)"
S23900,"PT TANTRI DELTA UTAMA (UJ & SNICKERS)"
S24100,"PT DELTA PUSAKA INDAH (UNIVENUS)"
S24200,"PT DELTA PUSAKA INDAH (MARS)"
S24400,"AR BALI (SOUVENIR)"
S24500,"PT KOMPAS GRAMEDIA"
S24600,"PT GIEB INDONESIA (DUA KELINCI BALI)"
S24700,"PT DELTA SATRIA DEWATA (JOHNSON)"
S24800,"PT SURYA MADISTRINDO (GUDANG GARAM)"
S24900,"PT DELTA PUSAKA INDAH (NIVEA)"
S25000,"PT JAVA MATCH FACTORY"
S25100,"PT DEWATA KENCANA DISTRIBUSI"
S25200,"CV LIQUN SPENCER"
S25300,"PT KEMBAR PUTRA MAKMUR"
S25400,"PT MARGRETA SWEETA VARIA (CONSIGMENT)"
S25600,"PT JAPAN TOBACCO INTL.IND.(ANUGERAH BALI DISTRIND) (NON ACTIVE)"
S25700,"UD PRIMA JAYA"
S25800,"PT TIRTA HARMONI GEMILANG"
S25900,"UD SUDAISIGN (SOUVENIR)"
S26300,"PT BALI POST"
S26400,"PT GRAMEDIA ASRI MEDIA"
S26500,"TRAVEL RETAIL INNOVATIONS"
S26700,"PT MMM SEJAHTERA (NESTLE JAKARTA)"
S26800,"PT INBISCO NIAGATAMA SEMESTA (MAYORA JAKARTA)"
S26900,"PT FABER CASTELL INTER IND"
S27100,"SINAR ELANG SAKTI MAS (CERES JAKARTA)"
S27200,"PT WAHANA MEDIATAMA (FORBES INDONESIA)"
S27500,"PT RAMA SURYA PERKASA DISTRINDO (JAKARTA)"
S27600,"MPG MEDIA PUBLISHING"
S27800,"PT MULIA MULTI MANDIRI (BINTANG JKT)"
S27900,"PT MAP AKTIF ADIPERKASA (HASBRO)"
S28100,"PIE SUSU SPECIAL (NON ACTIVE)"
S28300,"PT SENTRAL SUNGLASSES"
S28400,"PT SURYA DONASIN (CAP LANG JAKARTA)"
S28500,"NINGBO CIXI IMP&EXP HOLDINGS"
S28600,"PT ERA MEDIA INFORMASI (GATRA)"
S28800,"PT GRATIA PRIMA INDONESIA (BOOKS & BEYOND)"
S28900,"PT JALUR SUTRAMAS (GSK JAKARTA)"
S29000,"PT DELTA PUSAKA INDAH (MEDICAL)"
S29100,"PT INTI DUFREE PROMOSINDO"
S29200,"PT CITRA CAHAYA MANDIRI"
S29300,"PT SINAR SOSRO JAKARTA"
S29400,"PT ARTA BOGA CEMERLANG (JAKARTA)"
S29500,"CV LOZ INDONESIA"
S29600,"PT AMERTA INDAH (OTSUKA JAKARTA)"
S29900,"CV JANUR BENGGOL BALI (BALI IXORA)"
S30000,"PT SATRIA TUGU TRANS CIPTA (INDOCAFE)"
S30200,"PT BALI SOAP"
S30400,"CENDERAMATA INDONESIA (BALIKU)"
S30500,"PT BALI ALUS"
S30600,"OMEGA TIRTA KYOWA"
S31000,"PT DWINIAGA PRATAMA SARANA (NESTLE)"
S31100,"PT DUTA LESTARI SENTRATAMA (KINO)"
S31200,"BEST INDONESIAN GIFT"
S31400,"PT GAWIH JAYA (MEVIUS N CAMEL JAKARTA)"
S31600,"CV SINAR BALI (MAYURI)"
S31700,"PT BINA SAN PRIMA (MARS JAKARTA)"
S31800,"PT DWINIAGA PRATAMA SARANA (TOBACCO)"
S31900,"PT LSHR JAKARTA (LIM SIANG HUAT)"
S32100,"PT SUPA DUPA SPICE (UTAMA SPICE)"
S32200,"PT LOVINA BEACH BREWERY"
S32400,"PT MULIA MULTI MANDIRI (ARNOTTS JAKARTA)"
S32500,"SEAGER INC"
S32800,"PT DELTA SATRIA DEWATA (EQUIL WATER)"
S32900,"PT GLICO INDONESIA (JAKARTA)"
S33000,"PT MAP AKTIF ADIPERKASA (FOOTBALL)"
S33100,"PT HERO INTIPUTRA (INTEX)"
S33300,"CLEO TANOBEL"
S33303,"PT KAWAN LAMA INTERNUSA"
S40100,"WHSMITH UK"
S40200,"WHSMITH ASIA LIMITED HK"
S40201,"WHSMITH ASIA LIMITED HK LCL"
S40300,"AYAM AUSTRALIA"
S40400,"APA PUBLICATIONS SINGAPORE"
S40500,"PT SUMBER CIPTA MULTINIAGA (DJARUM)"
S40600,"BALI CROCO DESIGN"
S40800,"PT DELTA SATRIA DEWATA (CADBURYS)"
S40900,"MPH (SINGAPORE)"
S41000,"IGLOOS BAKERY"
S42000,"LOTTE SHOPPING INDONESIA"
S43000,"AUSINDO DEWATA"
S44000,"SUMERTA JAYA"
S45000,"CV SARI ALAM PEGUNUNGAN (KOPI NINI)"
S46000,"CV SINAR BALI (MAYORA)"
S47000,"LEBARA"
S48000,"COFFEE MANGSI"
S48100,"PT EAST INDO FAIR TRADING (EBC/YAVA)"
S49000,"PT ATRI DISTRIBUSINDO (COCOMAS)"
S49100,"PT PURI PANGAN UTAMA"
S49200,"PT UNIRAMA DUTA NIAGA (CAPLANG/ABC BALI)"
S49300,"PT DESTINDO SAKTI (ALBENS CIDER) INDOSARNIA"
S50001,"PT ULTRAJAYA MILK INDUSTRY (JAKARTA)"
S50002,"PT UNIRAMA DUTA NIAGA (PERFETTI JAKARTA)"
S50003,"PT ENERGIZER INDONESIA (JAKARTA)"
S50004,"PT INDOMARCO ADI PRIMA (JAKARTA)"
S50006,"PT MUARA TIRTA BOGA (WALLS JAKARTA)"
S50008,"PT SINAR NIAGA SEJAHTERA (SNS JAKARTA)"
S50010,"PT RAMA PUTRA (DWINIAGA RECKITT JAKARTA)"
S50011,"PT BARANUSA DANATAMA ADVERTISING (DANONE JKT)"
S50012,"PT ROSSO BIANCO (PIPILTIN COCOA)"
S50013,"PT KARTIKAWIRA ADISUKSES"
S50014,"EVE ACCESSORIES"
S50015,"UD MATAHARI"
S50017,"UD KECAK MAMA"
S50018,"BORWITA (CITRA PRIMA)"
S50019,"PT VICTORIA CARE INDONESIA"
S50020,"ENSERVAL PUTERA"
S50021,"MARSHALL CAVENDISH"
S50022,"PT ESHAM DIMA MANDIRI"
S50023,"PT SUKANDA DJAYA JAKARTA"
S50024,"PT EIGERINDO MULTI PRODUK INDUSTRI (EIGER)"
S50026,"PT NIRWANA LESTARI (JAKARTA)"
S50027,"PT SELARAS MAKMUR SEJATI (MICROPACK)"
S50028,"PT GRAMEDIA ASRI MEDIA (STATIONERY JAKARTA)"
S50029,"PT GRAMEDIA ASRI MEDIA (BOOKS JAKARTA)"
S50030,"PT AKASHA WIRA INTERNATIONAL, TBK(NESTLE)"
S50031,"PT DIAN PASIFIK KOMUNIKASI UTAMA"
S50032,"PT UNITED HARVEST INDONESIA"
S50033,"EDITIONS DIDIER MILLET PTE LTD (EDM)"
S50034,"PT ENSEVAL PUTERA MEGATRADING"
S50035,"PT ANUGERAH MULIA INDOBEL(MONGGO)"
S50038,"PT TEMPO INTI MEDIA HARIAN"
S50039,"PT TEMPO INTI MEDIA HARIAN"
S50040,"BALONKU"
S50042,"PT DUTA LESTARI SENTRATAMA (KINO JAKARTA)"
S50043,"CV SUN FLOWER (KALIBRE) CONSIGMENT"
S50045,"PT BAB PUBLISHING INDONESIA"
S50048,"PT GRAFIKA ESTETIKA ATRIA (AFTERHOURS)"
S50049,"PT JAPAN TOBACCO INTERNATIONAL INDONESIA"
S50050,"PT TRITAMA PRIMA LESTARI"
S50052,"CV SUMBER JASA"
S50053,"LITTLEHAMPTON BOOK SERVICES (HACHETTE UK GROUP)"
S50054,"PT DELTA PUSAKA INDAH (KRAFT)"
S50055,"PT MARGRETA SWEETA VARIA (WHOLESALES)"
S50056,"CV SUN FLOWER (KALIBRE)"
S50058,"MAHARANI RECORD"
S50059,"PT GRAMEDIA ASRI MEDIA (STATIONARY)"
S50060,"PT WAHANA BOGA NUSANTARA (LOTUS)"
S50061,"PT TEMPO INTI MEDIA HARIAN (WHOLESALE)"
S50062,"PT OTSUKA DISTRIBUTION INDONESIA (JAKARTA)"
S50063,"PT RASA LOKAL INDONESIA"
S50064,"PT ELIA MEDIATAMA INDONESIA (ELLE MAGAZINE)"
S50065,"STRAITS TIMES PRESS PTE LTD (SPH)"
S50066,"PT FAMILIA INDO SEJAHTERA"
S50067,"PT EIGERINDO MULTI PRODUK INDUSTRI (BODYPACK)"
S50068,"PT EIGERINDO MULTI PRODUK INDUSTRI (EXSPORT)"
S50069,"PT SARANA ABADI MAKMUR BERSAMA (LOTTE-KRAFT-CADBURYS-PERFETTI JAKARTA)"
S50070,"PT MAP MITRA ADIPERKASA (TRAVEL)"
S50071,"PT YUNA ASIA"
S50072,"PT PANGAN LESTARI(FINNA)"
S50073,"PT BAMBINI INDONESIA"
S50074,"PT DISTRIVERSA BUANAMAS (TIGER BALM - MR.P)"
S50075,"UD SUDAISIGN (FOOD)"
S50076,"PT MOGALLANA PLASTIC"
S50077,"PT MAP AKTIF ADIPERKASA (LEGO)"
S50078,"AR BALI (FOOD)"
S50079,"PT GAMBINO ARTISAN PRIMA"
S50080,"PT SUMBER PANGAN SEJAHTERA (ARNOTTS JAKARTA)"
S50081,"PT JAVABICA ANEKA RESOURCES"
S50082,"PT DUA KELINCI JAKARTA"
S50083,"WH SMITH SINGAPORE PTE LTD"
S50084,"PT ARMASCO PRIMA (JAKARTA)"
S50085,"PT ANEKA COKLAT KAKOA (KRAKAKOA)"
S50086,"PT ANUGERAH SINERGI RAYA"
S50087,"PT BALI BINTANG SEJAHTERA"
S50088,"PT MULTISARI LANGGENGJAYA"
S50089,"PT CLAVISINDO BERJAYA"
S50090,"PT JAMAFAC"
S50091,"PT SINAR SOSRO BALI"
S50092,"CV CITRA PANGAN SENTOSA"
S50093,"PT DISTRIVERSA BUANAMAS (JAKARTA)"
S50094,"PT PANGAN LESTARI (JAKARTA)"
S50095,"PT BINTANG GRAHA MAKMUR"
S50096,"PT MEDINA DEBEUZ INDAH (PALETAS WEY)"
S50097,"PT MUNTI CAHAYA SEJAHTERA"
S50098,"YUDI FAMILY GROUP"
S50099,"PT SURYA MUSTIKA NUSANTARA (JTI JAKARTA NEW)"
S50100,"PT TIGARAKSA SATRIA TBK (JAKARTA)"
S50101,"SCHÄFER AIRPORT RETAIL GMBH"
S50102,"PT PERJALANAN BIRU AKSESORIS INDONESIA"
S50103,"HACHETTE UK DISTRIBUTION LIMITED (HUKD)"
S50104,"WHSMITH INDONESIA"
S50105,"PT MAS ASIH"
S50106,"PT TIRTA INVESTAMA (DANONE JAKARTA)"
S50107,"PT KARYA PRATAMA GEMILANG (PERFETTI)"
S50108,"CV RUMAH OLEH - OLEH"
S50109,"ALIKA SNACK"
S50110,"PT UNIRAMA DUTA NIAGA (JAKARTA)"
S50111,"UD GUNA AMERTA SARI (SARI ROTI)"
S50112,"APD SINGAPORE PTE LTD"
S50113,"MASON CHOCOLATE BALI"
S50114,"MATAHARI WALET"
S50115,"PT SAMSONITE INDONESIA"
S50116,"PT TRAVEL BLUE INDONESIA"
S50117,"UD RAJAWALI PERKASA"
S50118,"MUOVE SYSTEMS LLP"
S50119,"PT PULAU EMAS GEMILANG"
S50120,"PT MIA CHIA SNACK"
S50121,"UD SUMBER BAHAGIA"
S50122,"PT PRIMASARI ETERNA"
S50123,"PT MASUYA GRAHA TRIKENCANA (JAKARTA)"
S50124,"CV CLIK"
S50126,"PT DEUS EXMACHINA INDONESIA"
S50127,"PT SARANA ABADI MAKMUR BERSAMA (COLLINS)"
S50128,"UD PASIFIK INDAH GARMENT"
S50129,"CV CLIK (ECO BAG WHOLESALE)"
S50130,"PT BALI FRUIT"
S50131,"PT DWINIAGA PRATAMA SARANA (TEH KEPALA DJENGGOT)"
S50132,"CV GLORY FOOD INDONESIA"
S50133,"PT DEWATA INTI PANGAN"
S50134,"PT MASUYA GRAHA TRIKENCANA (BALI)"
S50135,"FRIDA"
S50136,"CV SAMUDRA TOYS INDONESIA"
S50138,"PT INTEGRITAS DINAMIKA INDONESIA (ANKER/SOUNDCORE)"
S50139,"PT METEOR APAC INDONESIA"
S50140,"NADYA STEFANI BUDIANTO"
S50141,"FOCUS PUBLIHSING LIMITED"
S50142,"PT GRAMEDIA ASRI MEDIA (BOOKS JAKARTA) - NON PKP"
S50143,"PT KHARISMA SENTRA MANDIRI"
S50144,"PT GRAMEDIA ASRI MEDIA - NON PKP"
S50145,"PIA EIJI"
S50146,"PT DOS NI ROHA"
S50147,"PT PIBALI GEMILANG LESTARI (PIE SUSU ENAK)"
S50148,"PT CAHAYA INTI PUTRA SEJAHTERA"
S50149,"PIA LEGONG"
S50150,"PT PINUS MERAH ABADI (MR.P BALI)"
S50151,"PT PINUS MERAH ABADI (JAKARTA)"
S50152,"BALI-BALI NUT"
S50153,"PT EMWAY GLOBALINDO (CONSIGMENT)"
S50154,"SEGAR DEWATA BALI"
S50155,"PERUSAHAAN KUE LANNY (PIA ULUWATU)"
S50156,"KRUPUK REJEKI"
S50157,"KRUPUK BABI BALI ASLI"
S50158,"PT MAHAPALA MAHARDHIKA (DESTINASIAN)"
S50159,"PT HITAWASANA LUHUR (PRESTIGE)"
S50160,"PT DAMA MAHARDHIKA (DAMAN)"
S50161,"PT DUA PULUH TIGA (BODYPACK & EXSPORT)"
S50162,"CV POETRA GEMILANG LESTARI (PIE SUSU ASLI ENAK)"
S50163,"PT ERATEL PRIMA"
S50164,"CV SAMUDRA TOYS INDONESIA (PKP)"
S50165,"PT MANDIRI TRI MAKMUR (MAYORA BALI)"
S50166,"CV JARI PERKASA (NESTLE BALI)"
S50167,"PT SURYA SINAR BERLIAN (SIDOMUNCUL)"
S50169,"BALI LARIS"
S50170,"UD RAHAYU"
S50171,"TOKO BUAH ANGGA"
S50172,"PT TRIPUTRA MEGAH PERKASA"
S50173,"PT ANUGRAH NIAGATAMA PERKASA (SONY)"
S50174,"PT TIRTA BUANA INDORAYA"
S50175,"PT UNIRAMA DUTA NIAGA (CERES NL)"
S50176,"KOPERASI BERLIAN EMAS SUKSES TERUS (BALI HAI)"
S50177,"KOPERASI BERLIAN EMAS SEJAHTERA TERUS (BALI HAI JAKARTA)"
S50178,"PT BINTANG BALI INDAH (NUU TEA)"
S50179,"SHOPEE ONLINE SHOPPING"
S50180,"PT DELTA SATRIA DEWATA (SOFTEX)"
S50181,"PT DWINIAGA PRATAMA SARANA (CHIMORY)"
S50182,"PT GALAXY ION TECHNOLOGY"
S50183,"PIA AGUNG"
S50184,"PT MANDALA KRIYA SEMESTA"
S50185,"PT BLOOM AND GROW INDONESIA"
S50186,"PT ASTRINDO STARVISION (U-GREEN)"
S50187,"PT SARIJAYA SUKSES MANDIRI"
S50188,"HARPER COLLINS PUBLISHER LIMITED (USBORNE)"
S50189,"PT KARTIKA INTI SEJATI"
S50191,"PT KANMO MULTI GEMILANG"
S50192,"PT ARIZONA KARYA MITRA"
S50194,"PT VICTORIA CARE INDONESIA TBK (JAKARTA)"
S50195,"CV PAJAJARAN JAYA FOOD"
S50196,"PT RUKUN MITRA SEJATI (PERFETTI)"
S50197,"TOKO BHINEKA JAYA"
S50198,"CHRISTINE NATALIA RETAIL"
S50200,"PIA KEPENG"
S50201,"UD RAJAWALI BOGA SEJAHTERA"
S50202,"CV KARYA RASA INDONESIA"
S50203,"PT TOYOSINDO"
S50204,"BALITUTU OLEH-OLEH KHAS BALI"
S50205,"YULI SUPPLIER (KRISHNA)"
S50206,"PIE SUSU REGINA"
S50207,"PT KARYA PRATAMA GEMILANG (OISHI)"
S50208,"PT MONDIAL DINAMIKA RAHARJA"
S50209,"PT DISTRIBUSINDO KARUNIA SEJATI"
S50210,"PT TANTRI DELTA UTAMA (KALBE)"
S50211,"CV JARI PERKASA"
S50212,"PT DEUS EXMACHINA INDONESIA (NON ACTIVE)"
S50213,"PT INDOWINE"
S50214,"PT MULTI STAR RUKUN ABADI"
S50215,"PT SUMBER TIRTA SENTOSA"
S50216,"PT KARYA PAK OLES TOKCER"
S50218,"PT INDAH PERMAI"
S50219,"CV POETRA GEMILANG LESTARI (PIE SUSU ASLI ENAK) NON PKP"
S50220,"KERUPUK RAKYAT (REZEKI)"
S50221,"CV CAHAYA BOGA UTAMA"
S50222,"APD SINGAPORE PTE LTD (GBP)"
S50223,"PT CATUR SENTOSA ANUGERAH"
S50224,"PT TIGARAKSA SATRIA TBK (BINTANG BEER JAKARTA)"
S50225,"PT PANGAN KREASI MAKMUR"
S50226,"PT KRISMA ABADI PERKASA"
S50227,"PT HIGINA ALHADIN (COSMOPOLITAN)"
S50228,"PT EKA ARTHA BUANA (ELLIPS)"
S50229,"TRIANA DECO N COLLECTION"
S50230,"PT DEUS EXMACHINA INDONESIA (WHOLESALE)"
S50231,"YOVELEEN MARGHANITA (IWAK GALO)"
S50232,"JUST IN JAKARTA"
S50233,"PT PUTERA ADIPRIMA PRATAMA"
S50234,"CV MITRA PEMENANG"
S50235,"PT KARYADIBYA MAHARDHIKA"
S50236,"PT SIWA CITRA UTAMA (KAO)"
S50237,"PT DELTA SATRIA DEWATA (GARNIER/LOREAL)"
S50238,"AR BALI (ACCESSORIES BALI)"
S50239,"PT GONUSA PRIMA DISTRIBUSI BALI"
S50240,"CV UNAGI HANDICRAFT BALI (DEWANGGA)"
S50241,"PT ASIA TEKNOLOGI INTEGRITAS (BASEUS)"
S50242,"TIGERSNUS - PT FARIS JAYA MAKMUR"
S50243,"CV MANTU SEDANA (SAMBAL MANTU)"
S50244,"CV HARTA SURYA DEWATA (KRUPUK BABI REJEKI)"
S50245,"PANDURASA KHARISMA (JAKARTA)"
S50246,"PT AGUNG BUMI AGRO - LADANG LIMA COOKIES"
S50247,"PT BALI KOKOA INTERNASIONAL (non active)"
S50248,"PT INDAH WINA PRODUCTIONS"
S50249,"UD DELTA PLAZA"
S50250,"PT INTI MEGAH SWARA (JBL GROUP)"
S50251,"PT TIRTHA DEWATA MAHA AGUNG (BALI CATERING COMPANY)"
S50254,"BUJIDET"
S50255,"CV PUSAKA BALI PERSADA (BANYUATIS)"
S50256,"CV PANGAN MITRA BALI (KANZLER)"
S50257,"TREASURES COFFEE"
S50258,"CV BIRU LAUT ABADI (PIA AGUNG)"
S50259,"PT SAYAP MAS UTAMA"
S50260,"PT MAKKO JAYA INDONESIA"
S50261,"BALI HONEY"
S50262,"PT ARJUNA YOGA SAKTI (SUDAMALA)"
S50263,"PT ALAMII NATURA SEJAHTERA"
S50264,"PT GLOBAL UTAMA SENTOSA (NAVY CLUB)"
S50265,"CV PARAMA JAYA NIAGA (BALONKU) CONSIGNMENT"
S50266,"CV INDOKOPI MAKMUR SENTOSA (WOCA)"
S50267,"PT NATAN SUMBER REJEKI"
S50268,"PT SABANG MERAUKE TRADING"
S50269,"PT TAS CENTRE CEMERLANG"
S50270,"PT BANYU BALI PERSADA (ISLAND BREWING)"
S50271,"CV THEOS BUMI BALI"
S50272,"PT RAJAWALI ASIA BALI"
S50273,"PT ROSSO BIANCO (PKP PIPILTIN)"
S50274,"PT JAVAS BALI LESTARI"
S50275,"PT BESTARI JAYA (PALM LAGOON) CONSIGNMENT"
S50276,"PT CATUR SENTOSA ANUGERAH (MR.P BALI)"
S50277,"PT KAIFA INDONESIA"
S50278,"CV BEST INDONESIAN GIFT (PKP)"
S50279,"PT CLASSIC FINE FOODS INDONESIA"
S50280,"PT INDO SPIRIT PERTIWI NUSANTARA (KURA KURA BEER)"
S50281,"PT PUTRA BUANA KARYATAMA"
S50282,"PT LADANG SEHAT INDONESIA"
S50283,"PT AVATAR NUSA ANTARA (FILMORE)"
S50284,"PT GLOBAL ANUGRAH PASIFIK (PKP)"
S50285,"PT OASIS WATERS INTERNATIONAL (OASIS JKT)"
S50286,"CV BIRU LAUT ABADI (PIA AGUNG-PKP)"
S50287,"PT MAXINDO KARYA ANUGERAH PKP JAKARTA"
S50288,"HACHETTE UK DISTRIBUTION LIMITED (PROFILE)"
S50289,"GARNET CAKES"
S50290,"PT ASTHA DIAN MANUNGGAL (ICHITAN JAKARTA)"
S50291,"PT.KRISMA ABADI PERKASA (JAKARTA)"
S50292,"PT BALI KOKOA INTERNASIONAL (JAKARTA) (non active)"
S50293,"PT COMEXTRA MAJORA"
S50294,"PT GANDUM INDONESIA BERGIZI (GRANOLA)"
S50296,"CV RAMA SINTA PERMANA - NON PKP"
S50297,"PT TIRTHA DEWATA MAHA AGUNG (BALI CATERING COMPANY) NON-PKP"
S50298,"PT REGENERATIVE PROVISIONS INDONESIA (BALI FORAGES)"
S50299,"PT MEDIA INSANI ABADI (BAZAAR)"
S50300,"PT STAR MEDIA ABADI (HERWORLD)"
S50301,"MPOK MUMUN OLEH-OLEH JAKARTA (NON PKP)"
S50302,"PT GAMBINO ARTISAN PRIMA (PKP)"
S50303,"NUT NUT BALI BAKERY"
S50304,"PT SINAR MAYURI"
S50305,"PT GONUSA PRIMA DISTRIBUSI (JKT)"
S50306,"PT BUKIT OMBAK"
S50307,"PT LOHMUN INDONESIA"
S50308,"PT SVARGA PANGAN INDONESIA"
S50309,"PT INFINITI GLOBAL ASIA"
S50310,"PT SINARMAS DISTRIBUSI NUSANTARA (JTI JAKARTA)"
S50311,"PT KAIFA INDONESIA (JAKARTA)"
S50312,"PT INDAH WINA PRODUCTIONS (PKP)"
S50313,"AZUROUS INC.DBA CABEAU"
S50314,"BE RELAX"
S50315,"PT POS INDONESIA"
S50316,"PT PRATAMA AGUNG NIAGA (REDBULL)"
S50317,"CV LAPIS BALI GEMILANG"
S50318,"PT. DISTRIBUSI SURYA KENCANA"
S50319,"PT PANEN ARTHA NUSA (REDBULL JAKARTA)"
S50320,"PT BINTANG BALI INDAH (JTI)"
S50321,"GORO GORO KARE BALI"
S50322,"PT ANUGRAH JAYA USAHA"
S50323,"PT BORWITA CITRA PRIMA (RECKIT)"
S50324,"PT AROMADUTA RASAPRIMA"
S50325,"PT SARI INDO RASA (BALI)"
S50326,"PT SARI INDO RASA"
S50327,"KORA TOTE BAG"
S50329,"BAKEAHOLIC"
S50330,"PT MAXINDO KARYA ANUGERAH PKP BALI"
S50331,"PT SENTRALSARI PRIMASENTOSA"
S50332,"PT ASIA PARAMITA INDAH (JAKARTA)"
S50333,"PT ASIA PARAMITA INDAH (BALI)"
S50334,"PT DATASCRIP"
S50335,"PT BALI KOKOA INTERNASIONAL (BALI)"
S50336,"PT BALI KOKOA INTERNASIONAL (JAKARTA)"
S50337,"PT MITRA JAYA PERSADA"
S50338,"KIMCHI SOUVENIR"
S50339,"PT UNIRAMA DUTA NIAGA (PASEO JKT)"
S50340,"HARPERCOLLINS PUBLISHERS LIMITED"
S50341,"PT LINTAS GLOBAL OASE"
S50342,"PT PANGERAN MAJU BAHAGIA"
S50343,"PT CATUR PILAR SEJAHTERA"
S50344,"PT CITRA ALAM BALI (KURA-KURA BEER JKT)"
S50345,"AR BALI (ACCESSORIES JAKARTA)"
S50346,"PT LOVINA BEACH BREWERY (BALI SIP)"
S50347,"TATWA MEDIA"
S50348,"PT DELTA PUSAKA INDAH (UNILAB)"
S50349,"TROVICA"
S50350,"HANS TOY (JUN HO)"
S50351,"GARNET CAKES (BALI)"
S50352,"RUMAH DURIAN KO MADHE"
S50353,"DEAF AUTHENTIC"
S50354,"PT INTERFOOD SUKSES JASINDO"
S50355,"PT HANJAYA MANDALA SAMPOERNA TBK (JAKARTA)"
S50356,"PT SURYA MADISTRINDO (JAKARTA)"
S50357,"PT SUMBER CIPTA MULTINIAGA (JAKARTA)"
S50358,"PT NIAGA WARNA PERSADA"
S50359,"PT KARYA KIRANA SEMPURNA"
S50360,"CV RAJAWALI BOGA SEJAHTERA"
S50362,"PT WINGS SURYA"
S50363,"PT YAFINDO MITRA PERMATA (BATAM)"
S50364,"PT MEDIA TECHNOLOGY"
S50365,"PT FASTRATA BUANA (JAKARTA)"
S50366,"PT SINARMAS DISTRIBUSI NUSANTARA (MAYURI)"
S50367,"PT TRAVEL BLUE INDONESIA (BATAM)"
S50368,"PT EMWAY GLOBALINDO (BATAM)"
S50369,"PT BAMBINI INDONESIA (BATAM)"
S50370,"CV SAFIR INDO RAYA"
S50371,"CV PROSPERINDO NUSA JAYA (BATAM)"
S50372,"PT BINTANG INTAN SARANA (BATAM)"
S50373,"PT SUKSES JAYA INDAH (BATAM)"
S50374,"PT SUKANDA DJAYA (BATAM)"
S50375,"PT INTERFOOD SUKSES JASINDO (BATAM)"
S50376,"PT SELARAS MAKMUR SEJATI (BATAM)"
S50377,"PT DATASCRIP (BATAM)"
S50378,"PT INTEGRITAS DINAMIKA INDONESIA (BATAM)"
S50379,"PT ASIA TEKNOLOGI INTEGRITAS (BATAM)"
S50380,"CV SUN FLOWER (BATAM)"
S50381,"PT DUA PULUH TIGA (BATAM)"
S50382,"PT KHARISMA SENTRA MANDIRI (BATAM)"
S50383,"PT SAMSONITE INDONESIA (BATAM)"
S50384,"PT DIGITAL INOVASI ASIA (BATAM)"
S50385,"PT LOHMUN INDONESIA (BATAM)"
S50386,"DEAF AUTHENTIC (BATAM)"
S50387,"TROVICA (BATAM)"
S50388,"PT GAJAH IZUMI MAS PERKASA (SANFORD WATER BATAM)"
S50389,"PT INTERFOOD SUKSES JASINDO (JAKARTA)"
S50390,"PT SUNSHINE BOGA UTAMA (JAKARTA)"
S50391,"CALIBRE BATAM"
S50392,"PT SUMBER PANGAN DUNIA"
S50393,"PT BINTAN SUKSES MANDIRI (BATAM)"
S50394,"CV BEST INDONESIAN GIFT (BATAM)"
S50395,"PT BALI ALUS (BATAM)"
S50396,"PT DWI ANTAR BENUA (BINTANG BATAM)"
S50397,"CV SUMBER CIPTA AGUNG (DANONE BATAM)"
S50398,"PT PANTJA AGUNG INTERNUSA (REDBULL BATAM)"
S50399,"PT ARTA BOGA CEMERLANG (BATAM)"
S50400,"PT MUJUR INDO PRATAMA (SOSRO BATAM)"
S50401,"PT ANUGERAH PERKASA SEJAHTERA (ELLIPS/KINO BATAM))"
S50402,"PT LIM SIANG HUAT KEPRINDO (BATAM)"
S50403,"PT SURYA MADISTRINDO (GUDANG GARAM BATAM)"
S50404,"PT CITRA CAHAYA MANDIRI (BATAM)"
S50405,"PT MAP AKTIF ADIPERKASA (HASBRO BATAM)"
S50406,"PT COCA-COLA DISTRIBUTION INDONESIA (BATAM)"
S50407,"TOKO BHINEKA JAYA (BATAM)"
S50408,"PT ANUGERAH MULIA INDOBEL(MONGGO BATAM)"
S50409,"PT. SUMBER KARYA SEJATI (BATAM)"
S50410,"LAMOIST (BATAM)"
S50411,"NEW FOREVER SOUVENIR (BATAM)"
S50412,"PT BESTINDO PERSADA (BATAM)"
S50413,"PT WYSSA ARTHA SEJAHTERA (LE MINERALE BATAM)"
S50414,"PT ASIA PARAMITA INDAH (BATAM)"
S50415,"PT SELATANINDO BATAM MANDIRI (BATAM)"
S50416,"PT ESHAM DIMA (BATAM)"
S50417,"PT PACIFIC BATAM PERKASA (JTI BATAM)"
S50418,"PT SERAYA MAKMUR PERDANA (Bali Hai Batam)"
S50419,"PT CITA MALAYKHAS TRADISI (LUTI GENDANG BATAM)"
S50420,"PT GABE KARYA AGUNG (YAVA BATAM)"
S50421,"PT PAN BARUNA (BATAM)"
S50422,"PT STARTMARA PRATAMA (BATAM)"
S50423,"AZZURI (BATAM)"
S50424,"CV. WIWEKA SUKSES ABADI (BATAM)"
S50425,"UD. UTAMI (BALINE CHOCOLATE)"
S50426,"AR BALI (ACCESSORIES BATAM)"
S50427,"PT ENSEVAL PUTERA (HYDRO COCO BATAM)"
S50428,"PT ALAMJAYA WIRASENTOSA (BATAM)"
S50429,"PT HANJAYA MANDALA SAMPOERNA TBK (BATAM)"
S50430,"PT HANSEL DUTA NIAGA PRATAMA (BATAM)"
S50431,"PT MULTIBOGA ARYA SENTOSA (BATAM)"
S50432,"PT GRAND SEMESTA MANDIRI (BATAM)"
S50433,"PT GRAPHIKA DUTA MANDIRI (BATAM)"
S50434,"UD MATAHARI (BATAM)"
S50435,"HARPER COLLINS PUBLISHER LIMITED (USBORNE BATAM)"
S50436,"WHSMITH UK (BATAM)"
S50437,"WHSMITH ASIA LIMITED HK (BATAM)"
S50438,"HARPERCOLLINS PUBLISHERS LIMITED (BATAM)"
S50439,"HACHETTE UK DISTRIBUTION LIMITED (HUKD BATAM)"
S50440,"HACHETTE UK DISTRIBUTION LIMITED (PROFILE BATAM)"
S50441,"MOC CHOCOLATE NUSANTARA"
S50442,"PT DWI PUTRA TUNGGAL"
S50443,"PT. PROSPERITAS NUSATAMA JAYA (BATAM)"
S50444,"PT ASTEROS SINAR TEKNOLOGI (UGREEN)"
S50445,"CV PINTU KECIL"
S50446,"PT SINARMAS DISTRIBUSI NUSANTARA (SNACK&CANDY)"
S50447,"PT CITRAUTAMA DISTRIBUSINDORAYA (WINGS BATAM)"
S50448,"OTAK-OTAK WARISAN PAK AGU (BATAM)"
S50449,"PT KRISTAL MERAH PUTIH"
S50450,"CV. INDOBAKPIA"
S50451,"PT ALIFINDO MITRA BERSAMA"
S50452,"PT BOGA BERYLINDO JAYA (JAKARTA)"
S50453,"PT BOGA BERYLINDO JAYA (BALI)"
S50454,"CV NARATA WIRA UTAMA (BATAM)"
S50455,"PT INDODAIRY CONTINENTAL"
S50456,"PT JEMBATAN ASIA INDONESIA (SKROSS)"
S50457,"CALIBRE MEDAN"
S50460,"DEAF AUTHENTIC (MEDAN)"
S50461,"TROVICA (MEDAN)"
S50462,"PT SINAR SOSRO GUNUNG SLAMAT (JAKARTA)"
S50463,"PT JIWA DARI WAKTU LUANG"
S50465,"PT BUKUAKU DIGITAL INDONESIA"
S50466,"PT ALAMJAYA WIRASENTOSA"
S50467,"PT SUKANDA DJAYA MEDAN"
S50468,"PT SUMBER REZEKI BERSAMA MEDAN"
S50469,"PT VICTORY JAYATAMA SEMPURNA MEDAN"
S50470,"PT ADAM DANI LESTARI MEDAN"
S50471,"PT EVERBRIGHT MEDAN"
S50472,"PT SINARMAS DISTRIBUSI NUSANTARA MEDAN"
S50473,"PT CIPTA NIAGA SEMESTA MEDAN"
S50474,"PT SINARMAS DISTRIBUSI NUSANTARA JTI MEDAN"
S50475,"PT TIRTA INVESTAMA MEDAN"
S50476,"PT TIRTA ALPIN MAKMUR MEDAN"
S50477,"PT DISTRIVERSA BUANAMAS MEDAN"
S50478,"PT INTERFOOD SUKSES JASINDO MEDAN"
S50479,"PT PARMON PRIMA LESTARI MEDAN"
S50480,"PT SINAR SOSRO GUNUNG SLAMAT MEDAN"
S50481,"PT SURYA MADISTRINDO MEDAN"
S50482,"PT FIRST WORLD INDONESIA"
S50483,"PT ESHAM DIMA MANDIRI MEDAN"
S50484,"PT PUTRA  ARTHA NUSA MEDAN"
S50485,"PT ARTA BOGA CEMERLANG MEDAN"
S50486,"PT MEDAN DISTRIBUSINDO RAYA MEDAN"
S50487,"PT ENSEVAL PUTERA MEGATRADING TBK MEDAN"
S50488,"PT MULIA UTAMA MANDIRI MEDAN"
S50489,"PT NAGA MAS PUTRA MAKMUR MEDAN"
S50490,"PT SELERA PEDAS NUSANTARA MEDAN"
S50491,"BOS TERI MEDAN"
S50492,"AURAJA MEDAN"
S50493,"PT AWI KOPI INDONESIA MEDAN"
S50494,"DULCIA MEDAN"
S50495,"MENDAY GALLERY (MEDAN)"
S50496,"PT DISTRINDO BINTANG AGUNG MEDAN"
S50497,"CV PUMA UTAMA MAKMUR ARTARIA (MEDAN)"
S50498,"PT SINAR SOSRO GUNUNG SLAMAT"
S50499,"PT HANJAYA MANDALA SAMPOERNA MEDAN"
S50500,"PT GLOBAL MITRA PRIMA MEDAN"
S50501,"JACQUELINE KARINA"
S50502,"CV WASTRA NUSANTARA (PITHECANTHROPUS)"
S50503,"POENYA MEDAN (MEDAN CASH)"
S50505,"CV BINTANG LESTARI SEJAHTERA (DUA KELINCI BATAM"
S50506,"CV FANCYLAND FOOD (BATAM)"
S50507,"PT MEGA MANDIRI JAYA (BATAM),"
S50508,"PT FIRST WORLD INDONESIA (MEDAN)"
S50509,"PT BALI JAYA SUKSES SEJAHTERA (CONSIGNMENT)"
S50510,"CV WASTRA NUSANTARA (PITHECANTHROPUS) CONSIGMENT"
S50511,"PT HALCYON GLOBAL TAMA"
S50512,"CV. SUDAISIGN PUTRA TAMA"
S50513,"PT ASIA UTAMA INDONESIA"
S50515,"PT BELLA KREASI INDAH (HANDYCRAFT)"
S50516,"PT PANDAWA REZEKI SEMESTA"
S50517,"PT ADYAJATI LESTARI (MEDAN)"
S50518,"TROPISIA (MEDAN)"
S50519,"PT ORGANIK ADIL SEJAHTERA"
S50520,"PT KONNICHIWA INDONESIA"
S50521,"PT CONSERVANA TRADING & ADVISORY"
S50522,"CV BALI SENTOSA"
S50523,"CV SUKSES GROUP (MEDAN)"
S50524,"PT SUPER INDOTAMA FORSUKSES (MEDAN)"
S50525,"PT TEMAN PEREMPUAN SEHATI"
S50526,"PT OTSUKA DISTRIBUTION INDONESIA (MEDAN)"
S50527,"CV VAM DEWATA JAYA"
S50528,"PT MAJU JAYA POHON PINANG (MEDAN)"
S50529,"PT ROSSO BIANCO (PKP PIPILTIN) MEDAN"
S50530,"CV RAJA PATIN INDONESIA (MEDAN)"
S50531,"PT PRIMA NIAGA INDOMAS (BATAM)"
S50532,"PT NIPPON INDOSARI CORPINDO Tbk (MEDAN)"
S50533,"PT NIPPON INDOSARI CORPINDO Tbk (BATAM)"
S50534,"PT ANUGERAH BERKAT MANDIRI BERSAMA"
S50535,"PT EKAPUTRA DINATA UTAMA BATAM"
S50536,"PT BENTORO ADISANDI IVENA"
S50537,"CV ADNYA WIRA UTAMA"
S50538,"TAMITA  TAKENGON SUKSES JAYA ABADI (MEDAN)"
S50539,"PT ALVA MOUNTINDO MEDAN"
S50540,"PT SINAR LENTERA GEMILANG"
S50541,"TOKO YOHAN (BATAM)"
S50542,"MUTIARA DEWI"
S50543,"CV DUA SATU ABADI JAYA"
S50544,"PT CHANDRA INOVASI PERSADA TRI ABADI (BATAM)"
S50545,"DEAR BALI"
S50546,"ASTA BALI BAGUS"
S50547,"PT BINA BUANA KEMBAR (MEDAN)"
S50548,"PT CIPTA NIAGA SEMESTA JAKARTA"
S50549,"PT PIJAR ABADI SEJAHTERA TRIJAYA (MEDAN)"
S50550,"CV POLI HARMONI MAKMUR"
S50551,"PT INSAN MANDIRI TASYAKUR"
S50552,"PT CITRA MULTI MAKMUR (KUSUKA BALI)"
S50553,"PT AKASHA WIRA INTERNATIONAL (JAKARTA)"
S50554,"CV PANGAN KELUARGA BERKAT (BALI)"
S50555,"CV PANGAN KELUARGA BERKAT (JAKARTA)"
S50556,"PT SELANCAR RAHAYU DISTRIBUSI"
S50557,"PT SELANCAR RAHAYU DISTRIBUSI (MEDAN)"
S50558,"PT SELANCAR RAHAYU DISTRIBUSI (BATAM)"
S50559,"CV DEWANGGA BALI CEMERLANG"
S50560,"PT MENSA BINASUKSES (MEDAN)"
S50561,"CV GLORY FOOD INDONESIA (MEDAN)"
S50562,"PT SRIJAYA RAYA PERKASA (BATAM)"
S50563,"CV ROCK ART"
S50564,"YELLOW BELLS (JAKARTA)"
S50565,"DUA IKAN MEDAN"
S50566,"PT SURFER GIRL INDONESIA"
S50567,"KORA TOTE BAG (BALI)"
S50568,"PT INSAN MANDIRI TASYAKUR (PKP)"
S50569,"PT ENSEVAL PUTERA MEGATRADING TBK BALI"
S50570,"CAP SUPER MEDAN"
S50571,"PT TUMBUH KEARIFAN NUSANTARA"
S50572,"PT GONUSA PRIMA DISTRIBUSI (MEDAN)"
S50573,"JUST IN JAKARTA (MEDAN)"
S50574,"PT DUNLOPILLO INDONESIA"
S50575,"PT AXINDO INFOTAMA"
S50576,"CV BALI NUTRA"
S50577,"PT BINA BUANA KEMBAR (MEDAN) PKP"
S50578,"PT ROKET VENTURA INDONESIA"
S50579,"PT SURYA LESTARI GEMILANG BATAM"
S50580,"PT BALI KOKOA INTERNASIONAL MEDAN"
S50581,"PT TRIMURTI SHANKARA"
S50582,"UD LUSIANA (SPIKOE)"
S50583,"CV KREASI NUSA GEMILANG (MERU BALI)"
S50584,"CV KREASI NUSA GEMILANG (MERU JAKARTA)"
S50585,"PT TIGARAKSA SATRIA MEDAN"
S50586,"PT BAHTERA CIPTA RAGA PRIMA (Banana Boat Bali)"
S50587,"UD LUSIANA (SPIKOE JKT)"
S50588,"PT SABOO BALI INDONESIA"
S50589,"PT MULTI MEDIKA INTERNASIONAL TBK"
S50590,"PT TRI SAKTI PURWOSARI MAKMUR (ESSE)"
S50591,"PT ASHMI SINAR DYNATAMA"
S50592,"PT KIANJAYA MAKMUR SEMESTA"
S50593,"UD CIPTA INOVASI UNGGUL"
S50594,"PT SACRED CONCEPTS BALI"
S50595,"PT BALI TOURISM PROMOTION (CONSIGNMENT)"
S50596,"AR Bali (Food Jakarta)"
S50597,"CV CAP BALI"
S50598,"CV. MAYINDO JAYA SUKSES"
S50599,"CV SINAR BALI (ELLIPS)"
S50600,"PT DELTA SATRIA DEWATA (NESTLE WATER BALI)"
S50601,"PT REJEKI TUJUH ALAM"
S50602,"PT NATUR VITA BIOTEK"
S50603,"PT DELTA SATRIA DEWATA (UNIFAM)"
S50604,"TIMES DISTRIBUTION Pte.ltd"
S50605,"CV KECAK MAMA PERMANA"
S50606,"PT PRAMBANAN KENCANA"
S50608,"PT JEWELRY DESIGN SERVICES"
S50609,"PT GAMBINO ARTISAN PRIMA (PKP JAKARTA)"
S50610,"PT RAMASURYA PERKASA DISTRINDO"
S50611,"PT SINARMAS DISTRIBUSI NUSANTARA (HALEON JAKARTA)"
S50612,"PT BATIK WAYANG INDONESIA"
S50614,"PT JAVAS KARYA TRIPTA (JAKARTA)"
S50615,"SCHOLASTIC ASIA"
S50616,"PT BALIBIASA INDAHKOLEKSI"
S50617,"CV CAP BALI (CONSIGMENT) JKT"
S50618,"PT JENGGALA KERAMIK BALI"
S50619,"PT SUMBER REZEKI BERSAMA MEDAN (JTI) TOBACCO"
S50620,"PT TRIMULYA JAYA SEJAHTERA"
S50621,"PT PARIS FOODS HERITAGE (JAKARTA)"
S50622,"CV DAIKEN PRIMA INDONESIA"
S50623,"PT BATIK WAYANG INDONESIA (CONSIGMENT)"